cell_type,condition,n_cells,gene,mean_expr,mean_expr_pos,pct_positive
B_cell,Control,104,Sell,0.798811,3.925072,25.96
B_cell,Control,104,Fn1,-0.911102,0.542128,3.85
B_cell,Control,104,Col1a1,-1.143386,0.426385,3.85
B_cell,Control,104,Tlr4,-0.31777,3.49899,1.92
B_cell,Control,104,Tnf,-0.25332,0.0,0.0
B_cell,Control,104,Runx2,-0.313466,0.0,0.0
B_cell,Control,104,Dnmt3a,-0.533001,2.808763,2.88
B_cell,Control,104,Stat3,-0.706971,0.992062,16.35
B_cell,Control,104,Ccl2,-0.276136,0.0,0.0
B_cell,Control,104,Acta2,-0.36072,1.31124,5.77
B_cell,Control,104,Il6,-0.290283,0.0,0.0
B_cell,Control,104,Prkca,-0.26605,2.207571,10.58
B_cell,Control,104,Rela,-0.39714,2.436233,6.73
B_cell,Control,104,Spp1,-0.10627,5.664109,0.96
B_cell,Control,104,Tgfb1,0.517987,2.860843,29.81
B_cell,Control,104,Smad4,-0.226803,2.701945,11.54
B_cell,Control,104,Nfkb1,-0.215602,1.53755,25.96
B_cell,DVT,618,Sell,1.746665,3.201866,58.41
B_cell,DVT,618,Fn1,-0.639701,0.413268,19.26
B_cell,DVT,618,Col1a1,-0.443575,0.687781,14.4
B_cell,DVT,618,Tlr4,-0.267806,1.944599,5.34
B_cell,DVT,618,Tnf,-0.187056,2.47677,2.43
B_cell,DVT,618,Runx2,-0.250482,1.735179,3.07
B_cell,DVT,618,Dnmt3a,-0.107107,1.488949,24.76
B_cell,DVT,618,Stat3,0.4051,1.056833,67.31
B_cell,DVT,618,Ccl2,-0.181178,2.391333,3.56
B_cell,DVT,618,Acta2,-0.299737,0.763296,13.27
B_cell,DVT,618,Il6,-0.197208,2.448806,3.4
B_cell,DVT,618,Prkca,0.320781,1.70585,38.83
B_cell,DVT,618,Rela,-0.052211,1.603124,24.92
B_cell,DVT,618,Spp1,-0.049445,3.50823,3.07
B_cell,DVT,618,Tgfb1,0.609524,2.1255,41.75
B_cell,DVT,618,Smad4,-0.054966,1.613769,24.92
B_cell,DVT,618,Nfkb1,0.750546,1.383484,71.2
Endothelial,Control,3210,Sell,-0.296596,2.31912,0.03
Endothelial,Control,3210,Fn1,-0.798316,0.382924,12.18
Endothelial,Control,3210,Col1a1,-1.170674,0.219135,0.97
Endothelial,Control,3210,Tlr4,-0.177096,3.472166,5.58
Endothelial,Control,3210,Tnf,-0.252138,3.541011,0.03
Endothelial,Control,3210,Runx2,-0.308886,3.362265,0.12
Endothelial,Control,3210,Dnmt3a,-0.420974,2.205526,7.45
Endothelial,Control,3210,Stat3,-0.463678,0.904901,29.6
Endothelial,Control,3210,Ccl2,-0.258436,3.78211,0.44
Endothelial,Control,3210,Acta2,-0.285763,1.434257,9.35
Endothelial,Control,3210,Il6,-0.284809,2.638677,0.19
Endothelial,Control,3210,Prkca,-0.507184,2.104887,1.93
Endothelial,Control,3210,Rela,-0.250971,2.376044,11.78
Endothelial,Control,3210,Spp1,-0.136158,6.828803,0.37
Endothelial,Control,3210,Tgfb1,-0.056346,2.324027,15.02
Endothelial,Control,3210,Smad4,-0.350244,2.431504,8.5
Endothelial,Control,3210,Nfkb1,-0.572929,1.245785,12.4
Endothelial,DVT,1639,Sell,-0.261145,1.353686,2.2
Endothelial,DVT,1639,Fn1,-0.27063,0.572169,33.25
Endothelial,DVT,1639,Col1a1,-0.551061,0.402668,6.28
Endothelial,DVT,1639,Tlr4,0.072878,1.774812,21.48
Endothelial,DVT,1639,Tnf,-0.180662,1.951995,3.29
Endothelial,DVT,1639,Runx2,-0.233598,1.504655,4.39
Endothelial,DVT,1639,Dnmt3a,0.30825,1.22204,50.7
Endothelial,DVT,1639,Stat3,0.346681,0.828682,70.47
Endothelial,DVT,1639,Ccl2,-0.156565,1.854045,5.61
Endothelial,DVT,1639,Acta2,-0.22182,0.577142,22.7
Endothelial,DVT,1639,Il6,-0.109985,1.965517,7.99
Endothelial,DVT,1639,Prkca,-0.285647,0.875401,19.04
Endothelial,DVT,1639,Rela,0.162834,1.14745,43.69
Endothelial,DVT,1639,Spp1,-0.088139,2.802063,2.5
Endothelial,DVT,1639,Tgfb1,0.217747,1.245567,40.33
Endothelial,DVT,1639,Smad4,0.190842,1.193986,44.36
Endothelial,DVT,1639,Nfkb1,0.190477,0.791075,60.52
Erythrocyte,Control,107,Sell,-0.297411,0.0,0.0
Erythrocyte,Control,107,Fn1,-0.848513,0.498543,5.61
Erythrocyte,Control,107,Col1a1,-0.933476,0.522605,11.21
Erythrocyte,Control,107,Tlr4,-0.288468,3.321731,2.8
Erythrocyte,Control,107,Tnf,-0.25332,0.0,0.0
Erythrocyte,Control,107,Runx2,-0.270944,4.236485,0.93
Erythrocyte,Control,107,Dnmt3a,-0.525904,2.212791,3.74
Erythrocyte,Control,107,Stat3,-0.730453,0.700453,15.89
Erythrocyte,Control,107,Ccl2,-0.276136,0.0,0.0
Erythrocyte,Control,107,Acta2,-0.342115,1.154888,7.48
Erythrocyte,Control,107,Il6,-0.274472,1.401505,0.93
Erythrocyte,Control,107,Prkca,-0.501141,1.491777,2.8
Erythrocyte,Control,107,Rela,-0.432285,2.418027,5.61
Erythrocyte,Control,107,Spp1,-0.162293,0.0,0.0
Erythrocyte,Control,107,Tgfb1,-0.338614,1.989622,5.61
Erythrocyte,Control,107,Smad4,-0.51494,1.400067,4.67
Erythrocyte,Control,107,Nfkb1,-0.727316,1.006976,5.61
Erythrocyte,DVT,20,Sell,-0.143583,2.779148,5.0
Erythrocyte,DVT,20,Fn1,-0.318635,0.476538,45.0
Erythrocyte,DVT,20,Col1a1,-0.449433,0.706114,15.0
Erythrocyte,DVT,20,Tlr4,-0.392608,0.0,0.0
Erythrocyte,DVT,20,Tnf,-0.25332,0.0,0.0
Erythrocyte,DVT,20,Runx2,-0.313466,0.0,0.0
Erythrocyte,DVT,20,Dnmt3a,-0.632261,0.0,0.0
Erythrocyte,DVT,20,Stat3,-0.733511,0.997402,15.0
Erythrocyte,DVT,20,Ccl2,0.005297,5.352524,5.0
Erythrocyte,DVT,20,Acta2,-0.06447,1.529987,20.0
Erythrocyte,DVT,20,Il6,-0.070747,4.100445,5.0
Erythrocyte,DVT,20,Prkca,-0.558629,0.0,0.0
Erythrocyte,DVT,20,Rela,-0.601611,0.0,0.0
Erythrocyte,DVT,20,Spp1,0.750831,8.968943,10.0
Erythrocyte,DVT,20,Tgfb1,-0.476925,0.0,0.0
Erythrocyte,DVT,20,Smad4,-0.407147,3.424502,5.0
Erythrocyte,DVT,20,Nfkb1,-0.830343,0.0,0.0
Fibroblast,Control,2477,Sell,-0.193753,3.370622,2.83
Fibroblast,Control,2477,Fn1,-0.189467,0.867052,42.11
Fibroblast,Control,2477,Col1a1,-0.198799,0.571012,46.31
Fibroblast,Control,2477,Tlr4,-0.113475,3.62724,6.94
Fibroblast,Control,2477,Tnf,-0.13079,4.021431,2.87
Fibroblast,Control,2477,Runx2,-0.229633,3.39468,2.26
Fibroblast,Control,2477,Dnmt3a,-0.379243,2.269249,8.72
Fibroblast,Control,2477,Stat3,-0.57006,0.939706,23.7
Fibroblast,Control,2477,Ccl2,-0.04989,4.596999,4.64
Fibroblast,Control,2477,Acta2,-0.283319,1.524765,9.04
Fibroblast,Control,2477,Il6,-0.22999,3.5391,1.57
Fibroblast,Control,2477,Prkca,-0.121028,2.137729,16.23
Fibroblast,Control,2477,Rela,-0.308599,2.486853,9.49
Fibroblast,Control,2477,Spp1,-0.087495,6.963646,1.05
Fibroblast,Control,2477,Tgfb1,-0.244475,2.431038,7.99
Fibroblast,Control,2477,Smad4,-0.276971,2.516562,10.62
Fibroblast,Control,2477,Nfkb1,-0.479069,1.323389,16.31
Fibroblast,DVT,9664,Sell,-0.035295,2.61084,9.01
Fibroblast,DVT,9664,Fn1,0.355343,1.002084,63.66
Fibroblast,DVT,9664,Col1a1,0.665911,1.118997,73.2
Fibroblast,DVT,9664,Tlr4,0.019533,1.66257,20.05
Fibroblast,DVT,9664,Tnf,-0.096299,2.567229,5.57
Fibroblast,DVT,9664,Runx2,0.204254,2.360638,19.36
Fibroblast,DVT,9664,Dnmt3a,0.122125,1.132811,42.66
Fibroblast,DVT,9664,Stat3,0.056776,0.807318,52.97
Fibroblast,DVT,9664,Ccl2,-0.006966,2.497059,9.71
Fibroblast,DVT,9664,Acta2,-0.082779,0.768168,30.37
Fibroblast,DVT,9664,Il6,0.184728,2.759888,15.57
Fibroblast,DVT,9664,Prkca,0.335519,1.343366,46.95
Fibroblast,DVT,9664,Rela,0.037365,1.149221,36.48
Fibroblast,DVT,9664,Spp1,-0.020461,3.444719,3.93
Fibroblast,DVT,9664,Tgfb1,-0.126601,1.453248,18.15
Fibroblast,DVT,9664,Smad4,0.13151,1.189861,41.14
Fibroblast,DVT,9664,Nfkb1,0.107391,0.92567,50.27
Macrophage,Control,1,Sell,-0.297411,0.0,0.0
Macrophage,Control,1,Fn1,-0.969231,0.0,0.0
Macrophage,Control,1,Col1a1,-1.286045,0.0,0.0
Macrophage,Control,1,Tlr4,-0.392608,0.0,0.0
Macrophage,Control,1,Tnf,5.732434,5.732434,100.0
Macrophage,Control,1,Runx2,-0.313466,0.0,0.0
Macrophage,Control,1,Dnmt3a,-0.632261,0.0,0.0
Macrophage,Control,1,Stat3,-1.038966,0.0,0.0
Macrophage,Control,1,Ccl2,7.047429,7.047429,100.0
Macrophage,Control,1,Acta2,-0.463085,0.0,0.0
Macrophage,Control,1,Il6,-0.290283,0.0,0.0
Macrophage,Control,1,Prkca,-0.558629,0.0,0.0
Macrophage,Control,1,Rela,2.382263,2.382263,100.0
Macrophage,Control,1,Spp1,-0.162293,0.0,0.0
Macrophage,Control,1,Tgfb1,-0.476925,0.0,0.0
Macrophage,Control,1,Smad4,-0.608813,0.0,0.0
Macrophage,Control,1,Nfkb1,1.225497,1.225497,100.0
Macrophage,DVT,696,Sell,-0.242024,1.630059,2.87
Macrophage,DVT,696,Fn1,-0.389788,0.704591,21.84
Macrophage,DVT,696,Col1a1,-0.391966,0.16648,8.91
Macrophage,DVT,696,Tlr4,0.416619,1.954152,34.48
Macrophage,DVT,696,Tnf,1.6578,3.293719,53.88
Macrophage,DVT,696,Runx2,-0.08176,1.540183,12.5
Macrophage,DVT,696,Dnmt3a,0.643292,1.466522,60.78
Macrophage,DVT,696,Stat3,0.442929,0.864074,72.99
Macrophage,DVT,696,Ccl2,1.544867,3.264138,51.44
Macrophage,DVT,696,Acta2,-0.119993,0.635451,31.03
Macrophage,DVT,696,Il6,-0.22968,1.718295,3.02
Macrophage,DVT,696,Prkca,-0.465625,0.912514,6.32
Macrophage,DVT,696,Rela,0.343825,1.2731,50.43
Macrophage,DVT,696,Spp1,0.928326,5.22119,20.26
Macrophage,DVT,696,Tgfb1,1.045406,1.763122,67.96
Macrophage,DVT,696,Smad4,-0.002957,1.19322,33.62
Macrophage,DVT,696,Nfkb1,0.58068,0.986618,76.87
Monocyte,Control,3,Sell,0.629388,2.482986,33.33
Monocyte,Control,3,Fn1,1.3978,1.3978,100.0
Monocyte,Control,3,Col1a1,-1.286045,0.0,0.0
Monocyte,Control,3,Tlr4,-0.392608,0.0,0.0
Monocyte,Control,3,Tnf,-0.25332,0.0,0.0
Monocyte,Control,3,Runx2,0.679857,2.666504,33.33
Monocyte,Control,3,Dnmt3a,0.511715,2.799666,33.33
Monocyte,Control,3,Stat3,1.15381,2.250198,66.67
Monocyte,Control,3,Ccl2,1.255418,4.318527,33.33
Monocyte,Control,3,Acta2,-0.463085,0.0,0.0
Monocyte,Control,3,Il6,0.851635,3.135473,33.33
Monocyte,Control,3,Prkca,0.766436,3.416564,33.33
Monocyte,Control,3,Rela,-0.601611,0.0,0.0
Monocyte,Control,3,Spp1,-0.162293,0.0,0.0
Monocyte,Control,3,Tgfb1,3.064596,3.064596,100.0
Monocyte,Control,3,Smad4,-0.608813,0.0,0.0
Monocyte,Control,3,Nfkb1,-0.265408,0.864462,33.33
Monocyte,DVT,912,Sell,0.277416,2.259867,22.48
Monocyte,DVT,912,Fn1,0.116882,1.043275,46.71
Monocyte,DVT,912,Col1a1,-0.445589,0.182691,5.81
Monocyte,DVT,912,Tlr4,0.048824,1.771832,20.39
Monocyte,DVT,912,Tnf,0.726665,2.667419,33.55
Monocyte,DVT,912,Runx2,0.223895,1.934576,23.9
Monocyte,DVT,912,Dnmt3a,0.24385,1.267307,46.05
Monocyte,DVT,912,Stat3,0.685721,0.993708,80.92
Monocyte,DVT,912,Ccl2,0.413233,2.376627,25.99
Monocyte,DVT,912,Acta2,-0.216615,0.467822,25.99
Monocyte,DVT,912,Il6,-0.057729,2.092746,9.76
Monocyte,DVT,912,Prkca,-0.386715,0.893088,11.84
Monocyte,DVT,912,Rela,0.321961,1.194332,51.43
Monocyte,DVT,912,Spp1,0.144181,3.013891,9.65
Monocyte,DVT,912,Tgfb1,1.013617,1.766266,66.45
Monocyte,DVT,912,Smad4,0.208608,1.227364,44.52
Monocyte,DVT,912,Nfkb1,0.748733,1.09012,81.47
Neutrophil,Control,49,Sell,1.975289,3.985754,53.06
Neutrophil,Control,49,Fn1,-0.869794,0.343038,6.12
Neutrophil,Control,49,Col1a1,-1.06942,0.488889,6.12
Neutrophil,Control,49,Tlr4,0.170101,3.546359,14.29
Neutrophil,Control,49,Tnf,0.208115,5.399258,8.16
Neutrophil,Control,49,Runx2,-0.058126,3.857086,6.12
Neutrophil,Control,49,Dnmt3a,-0.335977,2.271321,10.2
Neutrophil,Control,49,Stat3,-0.036664,1.299739,42.86
Neutrophil,Control,49,Ccl2,-0.199618,3.473228,2.04
Neutrophil,Control,49,Acta2,-0.048332,1.569202,20.41
Neutrophil,Control,49,Il6,-0.290283,0.0,0.0
Neutrophil,Control,49,Prkca,-0.399894,2.034045,6.12
Neutrophil,Control,49,Rela,-0.347435,2.51204,8.16
Neutrophil,Control,49,Spp1,-0.162293,0.0,0.0
Neutrophil,Control,49,Tgfb1,-0.224026,2.62108,8.16
Neutrophil,Control,49,Smad4,-0.06068,3.228115,14.29
Neutrophil,Control,49,Nfkb1,-0.555665,1.861501,10.2
Neutrophil,DVT,609,Sell,1.941171,3.642752,56.81
Neutrophil,DVT,609,Fn1,-0.571732,0.498854,23.32
Neutrophil,DVT,609,Col1a1,-0.313432,0.401819,25.62
Neutrophil,DVT,609,Tlr4,0.865578,3.477267,32.51
Neutrophil,DVT,609,Tnf,1.526698,4.812246,35.14
Neutrophil,DVT,609,Runx2,0.3717,2.972097,20.85
Neutrophil,DVT,609,Dnmt3a,-0.423689,1.292294,10.84
Neutrophil,DVT,609,Stat3,0.867981,1.425069,76.85
Neutrophil,DVT,609,Ccl2,0.023049,3.227779,8.54
Neutrophil,DVT,609,Acta2,-0.175094,1.028333,19.21
Neutrophil,DVT,609,Il6,-0.242456,1.790232,2.3
Neutrophil,DVT,609,Prkca,-0.471018,1.281198,4.76
Neutrophil,DVT,609,Rela,0.225527,2.021965,31.53
Neutrophil,DVT,609,Spp1,0.333869,5.233471,9.2
Neutrophil,DVT,609,Tgfb1,-0.074327,1.974894,16.42
Neutrophil,DVT,609,Smad4,0.028273,1.878272,25.62
Neutrophil,DVT,609,Nfkb1,0.14455,1.366278,43.84
VSMC,Control,22,Sell,-0.297411,0.0,0.0
VSMC,Control,22,Fn1,-0.572949,0.59671,22.73
VSMC,Control,22,Col1a1,-0.831137,0.417059,9.09
VSMC,Control,22,Tlr4,0.072067,4.718815,9.09
VSMC,Control,22,Tnf,-0.25332,0.0,0.0
VSMC,Control,22,Runx2,-0.124564,3.842391,4.55
VSMC,Control,22,Dnmt3a,-0.380295,2.139368,9.09
VSMC,Control,22,Stat3,-0.542428,1.1458,22.73
VSMC,Control,22,Ccl2,-0.10685,3.448152,4.55
VSMC,Control,22,Acta2,1.528885,3.520855,50.0
VSMC,Control,22,Il6,-0.105471,3.775593,4.55
VSMC,Control,22,Prkca,-0.316829,2.101169,9.09
VSMC,Control,22,Rela,-0.010951,2.647018,18.18
VSMC,Control,22,Spp1,-0.162293,0.0,0.0
VSMC,Control,22,Tgfb1,-0.330073,2.753808,4.55
VSMC,Control,22,Smad4,-0.608813,0.0,0.0
VSMC,Control,22,Nfkb1,-0.535324,1.333129,13.64
VSMC,DVT,1099,Sell,-0.259578,1.242556,2.46
VSMC,DVT,1099,Fn1,1.086051,1.319344,88.54
VSMC,DVT,1099,Col1a1,0.150978,0.4759,60.6
VSMC,DVT,1099,Tlr4,-0.083142,1.455783,16.74
VSMC,DVT,1099,Tnf,-0.202689,1.73394,2.55
VSMC,DVT,1099,Runx2,-0.162703,1.412464,8.74
VSMC,DVT,1099,Dnmt3a,0.370922,1.111058,57.42
VSMC,DVT,1099,Stat3,0.226207,0.776743,61.42
VSMC,DVT,1099,Ccl2,-0.016013,2.029312,11.28
VSMC,DVT,1099,Acta2,3.095133,3.304239,94.45
VSMC,DVT,1099,Il6,0.396967,2.683294,23.11
VSMC,DVT,1099,Prkca,0.032955,0.946034,39.22
VSMC,DVT,1099,Rela,0.382441,1.142701,56.41
VSMC,DVT,1099,Spp1,-0.046323,2.872247,3.82
VSMC,DVT,1099,Tgfb1,-0.299361,0.859666,13.28
VSMC,DVT,1099,Smad4,0.146336,0.978011,47.59
VSMC,DVT,1099,Nfkb1,0.174978,0.701161,60.96
